SN,ID,IO,Type,ID_TimeSeries,Qcons_cms
1,1,1,2,1,-999
2,2,1,2,2,-999
3,3,1,2,3,-999
4,4,1,2,4,-999
5,5,1,2,5,-999
6,6,1,2,6,-999
7,7,1,2,7,-999
8,8,1,2,8,-999
9,9,1,2,9,-999
10,10,1,2,10,-999
11,11,1,2,11,-999
12,12,1,2,12,-999
13,13,1,2,13,-999
14,14,1,2,14,-999
15,15,1,2,15,-999
16,16,1,2,16,-999
17,17,1,2,17,-999
18,18,1,2,18,-999
19,19,1,2,19,-999
20,20,1,2,20,-999
21,21,1,2,21,-999
22,22,1,2,22,-999
23,23,1,2,23,-999
24,24,1,2,24,-999
25,25,1,2,25,-999
26,26,1,2,26,-999
27,27,1,2,27,-999
28,28,1,2,28,-999
29,29,1,2,29,-999
30,30,1,2,30,-999
31,31,1,2,31,-999
32,32,1,2,32,-999
33,33,1,2,33,-999
34,34,1,2,34,-999
35,35,1,2,35,-999
36,36,1,2,36,-999
37,37,1,2,37,-999
38,38,1,2,38,-999
39,39,1,2,39,-999
40,40,1,2,40,-999
41,41,1,2,41,-999
42,42,1,2,42,-999
43,43,1,2,43,-999
44,44,1,2,44,-999
45,45,1,2,45,-999
46,46,1,2,46,-999
47,47,1,2,47,-999
48,48,1,2,48,-999
49,49,1,2,49,-999
50,50,1,2,50,-999
51,51,1,2,51,-999
52,52,1,2,52,-999
53,53,1,2,53,-999
54,54,1,2,54,-999
55,55,1,2,55,-999
56,56,1,2,56,-999
57,57,1,2,57,-999
58,58,1,2,58,-999
59,59,1,2,59,-999
60,60,1,2,60,-999
61,61,1,2,61,-999
62,62,1,2,62,-999
63,63,1,2,63,-999
64,64,1,2,64,-999
65,65,1,2,65,-999
66,66,1,2,66,-999
67,67,1,2,67,-999
68,68,1,2,68,-999
69,69,1,2,69,-999
70,70,1,2,70,-999
71,71,1,2,71,-999
72,72,1,2,72,-999
73,73,1,2,73,-999
74,74,1,2,74,-999
75,75,1,2,75,-999
76,76,1,2,76,-999
77,77,1,2,77,-999
78,78,1,2,78,-999
79,79,1,2,79,-999
80,80,1,2,80,-999
81,81,1,2,81,-999
82,82,1,2,82,-999
83,83,1,2,83,-999
84,84,1,2,84,-999
85,85,1,2,85,-999
86,86,1,2,86,-999
87,87,1,2,87,-999
88,88,1,2,88,-999
89,89,1,2,89,-999
90,90,1,2,90,-999
91,91,1,2,91,-999
92,92,1,2,92,-999
93,93,1,2,93,-999
94,94,1,2,94,-999
95,95,1,2,95,-999
96,96,1,2,96,-999
97,97,1,2,97,-999
98,98,1,2,98,-999
99,99,1,2,99,-999
100,100,1,2,100,-999
101,101,1,2,101,-999
102,102,1,2,102,-999
103,103,1,2,103,-999
104,104,1,2,104,-999
105,105,1,2,105,-999
106,106,1,2,106,-999
107,107,1,2,107,-999
108,108,1,2,108,-999
109,109,1,2,109,-999
110,110,1,2,110,-999
111,111,1,2,111,-999
112,112,1,2,112,-999
113,113,1,2,113,-999
114,114,1,2,114,-999
115,115,1,2,115,-999
116,116,1,2,116,-999
117,117,1,2,117,-999
118,118,1,2,118,-999
119,119,1,2,119,-999
120,120,1,2,120,-999
121,121,1,2,121,-999
122,122,1,2,122,-999
123,123,1,2,123,-999
124,124,1,2,124,-999
125,125,1,2,125,-999
126,126,1,2,126,-999
127,127,1,2,127,-999
128,128,1,2,128,-999
129,129,1,2,129,-999
130,130,1,2,130,-999
131,131,1,2,131,-999
132,132,1,2,132,-999
133,133,1,2,133,-999
134,134,1,2,134,-999
135,135,1,2,135,-999
136,136,1,2,136,-999
137,137,1,2,137,-999
138,138,1,2,138,-999
139,139,1,2,139,-999
140,140,1,2,140,-999
141,141,1,2,141,-999
142,142,1,2,142,-999
143,143,1,2,143,-999
144,144,1,2,144,-999
145,145,1,2,145,-999
146,146,1,2,146,-999
147,147,1,2,147,-999
148,148,1,2,148,-999
149,149,1,2,149,-999
150,150,1,2,150,-999
151,151,1,2,151,-999
152,152,1,2,152,-999
153,153,1,2,153,-999
154,154,1,2,154,-999
155,155,1,2,155,-999
156,156,1,2,156,-999
157,157,1,2,157,-999
158,158,1,2,158,-999
159,159,1,2,159,-999
160,160,1,2,160,-999
161,161,1,2,161,-999
162,162,1,2,162,-999
163,163,1,2,163,-999
164,164,1,2,164,-999
165,165,1,2,165,-999
166,166,1,2,166,-999
167,167,1,2,167,-999
168,168,1,2,168,-999
169,169,1,2,169,-999
170,170,1,2,170,-999
171,171,1,2,171,-999
172,172,1,2,172,-999
173,173,1,2,173,-999
174,174,1,2,174,-999
175,175,1,2,175,-999
176,176,1,2,176,-999
177,177,1,2,177,-999
178,178,1,2,178,-999
179,179,1,2,179,-999
180,180,1,2,180,-999
181,181,1,2,181,-999
182,182,1,2,182,-999
183,183,1,2,183,-999
184,184,1,2,184,-999
185,185,1,2,185,-999
186,186,1,2,186,-999
187,187,1,2,187,-999
188,188,1,2,188,-999
189,189,1,2,189,-999
190,190,1,2,190,-999
191,191,1,2,191,-999
192,192,1,2,192,-999
193,193,1,2,193,-999
194,194,1,2,194,-999
195,195,1,2,195,-999
196,196,1,2,196,-999
197,197,1,2,197,-999
198,198,1,2,198,-999
199,199,1,2,199,-999
200,200,1,2,200,-999
201,201,1,2,201,-999
202,202,1,2,202,-999
203,203,1,2,203,-999
204,204,1,2,204,-999
205,205,1,2,205,-999
206,206,1,2,206,-999
207,207,1,2,207,-999
208,208,1,2,208,-999
209,209,1,2,209,-999
210,210,1,2,210,-999
211,211,1,2,211,-999
212,212,1,2,212,-999
213,213,1,2,213,-999
214,214,1,2,214,-999
215,215,1,2,215,-999
216,216,1,2,216,-999
217,217,1,2,217,-999
218,218,1,2,218,-999
219,219,1,2,219,-999
220,220,1,2,220,-999
221,221,1,2,221,-999
222,222,1,2,222,-999
223,223,1,2,223,-999
224,224,1,2,224,-999
225,225,1,2,225,-999
226,226,1,2,226,-999
227,227,1,2,227,-999
228,228,1,2,228,-999
229,229,1,2,229,-999
230,230,1,2,230,-999
231,231,1,2,231,-999
232,232,1,2,232,-999
233,233,1,2,233,-999
234,234,1,2,234,-999
235,235,1,2,235,-999
236,236,1,2,236,-999
237,237,1,2,237,-999
238,238,1,2,238,-999
239,239,1,2,239,-999
240,240,1,2,240,-999
241,241,1,2,241,-999
242,242,1,2,242,-999
243,243,1,2,243,-999
244,244,1,2,244,-999
245,245,1,2,245,-999
246,246,1,2,246,-999
247,247,1,2,247,-999
248,248,1,2,248,-999
249,249,1,2,249,-999
250,250,1,2,250,-999
251,251,1,2,251,-999
252,252,1,2,252,-999
253,253,1,2,253,-999
254,254,1,2,254,-999
255,255,1,2,255,-999
256,256,1,2,256,-999
257,257,1,2,257,-999
258,258,1,2,258,-999
259,259,1,2,259,-999
260,260,1,2,260,-999
261,261,1,2,261,-999
262,262,1,2,262,-999
263,263,1,2,263,-999
264,264,1,2,264,-999
265,265,1,2,265,-999
266,266,1,2,266,-999
267,267,1,2,267,-999
268,268,1,2,268,-999
269,269,1,2,269,-999
270,270,1,2,270,-999
271,271,1,2,271,-999
272,272,1,2,272,-999
273,273,1,2,273,-999
274,274,1,2,274,-999
275,275,1,2,275,-999
276,276,1,2,276,-999
277,277,1,2,277,-999
278,278,1,2,278,-999
279,279,1,2,279,-999
280,280,1,2,280,-999
281,281,1,2,281,-999
282,282,1,2,282,-999
283,283,1,2,283,-999
284,284,1,2,284,-999
285,285,1,2,285,-999
286,286,1,2,286,-999
287,287,1,2,287,-999
288,288,1,2,288,-999
289,289,1,2,289,-999
290,290,1,2,290,-999
291,291,1,2,291,-999
292,292,1,2,292,-999
293,293,1,2,293,-999
294,294,1,2,294,-999
295,295,1,2,295,-999
296,296,1,2,296,-999
297,297,1,2,297,-999
298,298,1,2,298,-999
299,299,1,2,299,-999
300,300,1,2,300,-999
301,301,1,2,301,-999
302,302,1,2,302,-999
303,303,1,2,303,-999
304,304,1,2,304,-999
305,305,1,2,305,-999
306,306,1,2,306,-999
307,307,1,2,307,-999
308,308,1,2,308,-999
309,309,1,2,309,-999
310,310,1,2,310,-999
311,311,1,2,311,-999
312,312,1,2,312,-999
313,313,1,2,313,-999
314,314,1,2,314,-999
315,315,1,2,315,-999
316,316,1,2,316,-999
317,317,1,2,317,-999
318,318,1,2,318,-999
319,319,1,2,319,-999
320,320,1,2,320,-999
321,321,1,2,321,-999
322,322,1,2,322,-999
323,323,1,2,323,-999
324,324,1,2,324,-999
325,325,1,2,325,-999
326,326,1,2,326,-999
327,327,1,2,327,-999
328,328,1,2,328,-999
329,329,1,2,329,-999
330,330,1,2,330,-999
331,331,1,2,331,-999
332,332,1,2,332,-999
333,333,1,2,333,-999
334,334,1,2,334,-999
335,335,1,2,335,-999
336,336,1,2,336,-999
337,337,1,2,337,-999
338,338,1,2,338,-999
339,339,1,2,339,-999
340,340,1,2,340,-999
341,341,1,2,341,-999
342,342,1,2,342,-999
343,343,1,2,343,-999
344,344,1,2,344,-999
345,345,1,2,345,-999
346,346,1,2,346,-999
347,347,1,2,347,-999
348,348,1,2,348,-999
349,349,1,2,349,-999
350,350,1,2,350,-999
351,351,1,2,351,-999
352,352,1,2,352,-999
353,353,1,2,353,-999
354,354,1,2,354,-999
355,355,1,2,355,-999
356,356,1,2,356,-999
357,357,1,2,357,-999
358,358,1,2,358,-999
359,359,1,2,359,-999
360,360,1,2,360,-999
361,361,1,2,361,-999
362,362,1,2,362,-999
363,363,1,2,363,-999
364,364,1,2,364,-999
365,365,1,2,365,-999
366,366,1,2,366,-999
367,367,1,2,367,-999
368,368,1,2,368,-999
369,369,1,2,369,-999
370,370,1,2,370,-999
371,371,1,2,371,-999
372,372,1,2,372,-999
373,373,1,2,373,-999
374,374,1,2,374,-999
375,375,1,2,375,-999
376,376,1,2,376,-999
377,377,1,2,377,-999
378,378,1,2,378,-999
379,379,1,2,379,-999
380,380,1,2,380,-999
381,381,1,2,381,-999
382,382,1,2,382,-999
383,383,1,2,383,-999
384,384,1,2,384,-999
385,385,1,2,385,-999
386,386,1,2,386,-999
387,387,1,2,387,-999
388,388,1,2,388,-999
389,389,1,2,389,-999
390,390,1,2,390,-999
391,391,1,2,391,-999
392,392,1,2,392,-999
393,393,1,2,393,-999
394,394,1,2,394,-999
395,395,1,2,395,-999
396,396,1,2,396,-999
397,397,1,2,397,-999
398,398,1,2,398,-999
399,399,1,2,399,-999
400,400,1,2,400,-999
401,401,1,2,401,-999
402,402,1,2,402,-999
403,403,1,2,403,-999
404,404,1,2,404,-999
405,405,1,2,405,-999
406,406,1,2,406,-999
407,407,1,2,407,-999
408,408,1,2,408,-999
409,409,1,2,409,-999
410,410,1,2,410,-999
411,411,1,2,411,-999
412,412,1,2,412,-999
413,413,1,2,413,-999
414,414,1,2,414,-999
415,415,1,2,415,-999
416,416,1,2,416,-999
417,417,1,2,417,-999
418,418,1,2,418,-999
419,419,1,2,419,-999
420,420,1,2,420,-999
421,421,1,2,421,-999
422,422,1,2,422,-999
423,423,1,2,423,-999
424,424,1,2,424,-999
425,425,1,2,425,-999
426,426,1,2,426,-999
427,427,1,2,427,-999
428,428,1,2,428,-999
429,429,1,2,429,-999
430,430,1,2,430,-999
431,431,1,2,431,-999
432,432,1,2,432,-999
433,433,1,2,433,-999
434,434,1,2,434,-999
435,435,1,2,435,-999
436,436,1,2,436,-999
437,437,1,2,437,-999
438,438,1,2,438,-999
439,439,1,2,439,-999
440,440,1,2,440,-999
441,441,1,2,441,-999
442,442,1,2,442,-999
443,443,1,2,443,-999
444,444,1,2,444,-999
445,445,1,2,445,-999
446,446,1,2,446,-999
447,447,1,2,447,-999
448,448,1,2,448,-999
449,449,1,2,449,-999
450,450,1,2,450,-999
451,451,1,2,451,-999
452,452,1,2,452,-999
453,453,1,2,453,-999
454,454,1,2,454,-999
455,455,1,2,455,-999
456,456,1,2,456,-999
457,457,1,2,457,-999
458,458,1,2,458,-999
459,459,1,2,459,-999
460,460,1,2,460,-999
461,461,1,2,461,-999
462,462,1,2,462,-999
463,463,1,2,463,-999
464,464,1,2,464,-999
465,465,1,2,465,-999
466,466,1,2,466,-999
467,467,1,2,467,-999
468,468,1,2,468,-999
469,469,1,2,469,-999
470,470,1,2,470,-999
471,471,1,2,471,-999
472,472,1,2,472,-999
473,473,1,2,473,-999
474,474,1,2,474,-999
475,475,1,2,475,-999
476,476,1,2,476,-999
477,477,1,2,477,-999
478,478,1,2,478,-999
479,479,1,2,479,-999
480,480,1,2,480,-999
481,481,1,2,481,-999
482,482,1,2,482,-999
483,483,1,2,483,-999
484,484,1,2,484,-999
485,485,1,2,485,-999
486,486,1,2,486,-999
487,487,1,2,487,-999
488,488,1,2,488,-999
489,489,1,2,489,-999
490,490,1,2,490,-999
491,491,1,2,491,-999
492,492,1,2,492,-999
493,493,1,2,493,-999
494,494,1,2,494,-999
495,495,1,2,495,-999
496,496,1,2,496,-999
497,497,1,2,497,-999
498,498,1,2,498,-999
499,499,1,2,499,-999
500,500,1,2,500,-999
501,501,1,2,501,-999
502,502,1,2,502,-999
503,503,1,2,503,-999
504,504,1,2,504,-999
505,505,1,2,505,-999
506,506,1,2,506,-999
507,507,1,2,507,-999
508,508,1,2,508,-999
509,509,1,2,509,-999
510,510,1,2,510,-999
511,511,1,2,511,-999
512,512,1,2,512,-999
513,513,1,2,513,-999
514,514,1,2,514,-999
515,515,1,2,515,-999
516,516,1,2,516,-999
517,517,1,2,517,-999
518,518,1,2,518,-999
519,519,1,2,519,-999
520,520,1,2,520,-999
521,521,1,2,521,-999
522,522,1,2,522,-999
523,523,1,2,523,-999
524,524,1,2,524,-999
525,525,1,2,525,-999
526,526,1,2,526,-999
527,527,1,2,527,-999
528,528,1,2,528,-999
529,529,1,2,529,-999
530,530,1,2,530,-999
531,531,1,2,531,-999
532,532,1,2,532,-999
533,533,1,2,533,-999
534,534,1,2,534,-999
535,535,1,2,535,-999
536,536,1,2,536,-999
537,537,1,2,537,-999
538,538,1,2,538,-999
539,539,1,2,539,-999
540,540,1,2,540,-999
541,541,1,2,541,-999
542,542,1,2,542,-999
543,543,1,2,543,-999
544,544,1,2,544,-999
545,545,1,2,545,-999
546,546,1,2,546,-999
547,547,1,2,547,-999
548,548,1,2,548,-999
549,549,1,2,549,-999
550,550,1,2,550,-999
551,551,1,2,551,-999
552,552,1,2,552,-999
553,553,1,2,553,-999
554,554,1,2,554,-999
555,555,1,2,555,-999
556,556,1,2,556,-999
557,557,1,2,557,-999
558,558,1,2,558,-999
559,559,1,2,559,-999
560,560,1,2,560,-999
561,561,1,2,561,-999
562,562,1,2,562,-999
563,563,1,2,563,-999
564,564,1,2,564,-999
565,565,1,2,565,-999
566,566,1,2,566,-999
567,567,1,2,567,-999
568,568,1,2,568,-999
569,569,1,2,569,-999
570,570,1,2,570,-999
571,571,1,2,571,-999
572,572,1,2,572,-999
573,573,1,2,573,-999
574,574,1,2,574,-999
575,575,1,2,575,-999
576,576,1,2,576,-999
577,577,1,2,577,-999
578,578,1,2,578,-999
579,579,1,2,579,-999
580,580,1,2,580,-999
581,581,1,2,581,-999
582,582,1,2,582,-999
583,583,1,2,583,-999
584,584,1,2,584,-999
585,585,1,2,585,-999
586,586,1,2,586,-999
587,587,1,2,587,-999
588,588,1,2,588,-999
589,589,1,2,589,-999
590,590,1,2,590,-999
591,591,1,2,591,-999
592,592,1,2,592,-999
593,593,1,2,593,-999
594,594,1,2,594,-999
595,595,1,2,595,-999
596,596,1,2,596,-999
597,597,1,2,597,-999
598,598,1,2,598,-999
599,599,1,2,599,-999
600,600,1,2,600,-999
601,601,1,2,601,-999
602,602,1,2,602,-999
603,603,1,2,603,-999
604,604,1,2,604,-999
605,605,1,2,605,-999
606,606,1,2,606,-999
607,607,1,2,607,-999
608,608,1,2,608,-999
609,609,1,2,609,-999
610,610,1,2,610,-999
611,611,1,2,611,-999
612,612,1,2,612,-999
613,613,1,2,613,-999
614,614,1,2,614,-999
615,615,1,2,615,-999
616,616,1,2,616,-999
617,617,1,2,617,-999
618,618,1,2,618,-999
619,619,1,2,619,-999
620,620,1,2,620,-999
621,621,1,2,621,-999
622,622,1,2,622,-999
623,623,1,2,623,-999
624,624,1,2,624,-999
625,625,1,2,625,-999
626,626,1,2,626,-999
627,627,1,2,627,-999
628,628,1,2,628,-999
629,629,1,2,629,-999
630,630,1,2,630,-999
631,631,1,2,631,-999
632,632,1,2,632,-999
633,633,1,2,633,-999
634,634,1,2,634,-999
635,635,1,2,635,-999
636,636,1,2,636,-999
637,637,1,2,637,-999
638,638,1,2,638,-999
639,639,1,2,639,-999
640,640,1,2,640,-999
641,641,1,2,641,-999
642,642,1,2,642,-999
643,643,1,2,643,-999
644,644,1,2,644,-999
645,645,1,2,645,-999
646,646,1,2,646,-999
647,647,1,2,647,-999
648,648,1,2,648,-999
649,649,1,2,649,-999
650,650,1,2,650,-999
651,651,1,2,651,-999
652,652,1,2,652,-999
653,653,1,2,653,-999
654,654,1,2,654,-999
655,655,1,2,655,-999
656,656,1,2,656,-999
657,657,1,2,657,-999
658,658,1,2,658,-999
659,659,1,2,659,-999
660,660,1,2,660,-999
661,661,1,2,661,-999
662,662,1,2,662,-999
663,663,1,2,663,-999
664,664,1,2,664,-999
665,665,1,2,665,-999
666,666,1,2,666,-999
667,667,1,2,667,-999
668,668,1,2,668,-999
669,669,1,2,669,-999
670,670,1,2,670,-999
671,671,1,2,671,-999
672,672,1,2,672,-999
673,673,1,2,673,-999
674,674,1,2,674,-999
675,675,1,2,675,-999
676,676,1,2,676,-999
677,677,1,2,677,-999
678,678,1,2,678,-999
679,679,1,2,679,-999
680,680,1,2,680,-999
681,681,1,2,681,-999
682,682,1,2,682,-999
683,683,1,2,683,-999
684,684,1,2,684,-999
685,685,1,2,685,-999
686,686,1,2,686,-999
687,687,1,2,687,-999
688,688,1,2,688,-999
689,689,1,2,689,-999
690,690,1,2,690,-999
691,691,1,2,691,-999
692,692,1,2,692,-999
693,693,1,2,693,-999
694,694,1,2,694,-999
695,695,1,2,695,-999
696,696,1,2,696,-999
697,697,1,2,697,-999
698,698,1,2,698,-999
699,699,1,2,699,-999
700,700,1,2,700,-999
701,701,1,2,701,-999
702,702,1,2,702,-999
703,703,1,2,703,-999
704,704,1,2,704,-999
705,705,1,2,705,-999
706,706,1,2,706,-999
707,707,1,2,707,-999
708,708,1,2,708,-999
709,709,1,2,709,-999
710,710,1,2,710,-999
711,711,1,2,711,-999
712,712,1,2,712,-999
713,713,1,2,713,-999
714,714,1,2,714,-999
715,715,1,2,715,-999
716,716,1,2,716,-999
717,717,1,2,717,-999
718,718,1,2,718,-999
719,719,1,2,719,-999
720,720,1,2,720,-999
721,721,1,2,721,-999
722,722,1,2,722,-999
723,723,1,2,723,-999
724,724,1,2,724,-999
725,725,1,2,725,-999
726,726,1,2,726,-999
727,727,1,2,727,-999
728,728,1,2,728,-999
729,729,1,2,729,-999
730,730,1,2,730,-999
731,731,1,2,731,-999
732,732,1,2,732,-999
733,733,1,2,733,-999
734,734,1,2,734,-999
735,735,1,2,735,-999
736,736,1,2,736,-999
737,737,1,2,737,-999
738,738,1,2,738,-999
739,739,1,2,739,-999
740,740,1,2,740,-999
741,741,1,2,741,-999
742,742,1,2,742,-999
743,743,1,2,743,-999
744,744,1,2,744,-999
745,745,1,2,745,-999
746,746,1,2,746,-999
747,747,1,2,747,-999
748,748,1,2,748,-999
749,749,1,2,749,-999
750,750,1,2,750,-999
751,751,1,2,751,-999
752,752,1,2,752,-999
753,753,1,2,753,-999
754,754,1,2,754,-999
755,755,1,2,755,-999
756,756,1,2,756,-999
757,757,1,2,757,-999
758,758,1,2,758,-999
759,759,1,2,759,-999
760,760,1,2,760,-999
761,761,1,2,761,-999
762,762,1,2,762,-999
763,763,1,2,763,-999
764,764,1,2,764,-999
765,765,1,2,765,-999
766,766,1,2,766,-999
767,767,1,2,767,-999
768,768,1,2,768,-999
769,769,1,2,769,-999
770,770,1,2,770,-999
771,771,1,2,771,-999
772,772,1,2,772,-999
773,773,1,2,773,-999
774,774,1,2,774,-999
775,775,1,2,775,-999
776,776,1,2,776,-999
777,777,1,2,777,-999
778,778,1,2,778,-999
779,779,1,2,779,-999
780,780,1,2,780,-999
781,781,1,2,781,-999
782,782,1,2,782,-999
783,783,1,2,783,-999
784,784,1,2,784,-999
785,785,1,2,785,-999
786,786,1,2,786,-999
787,787,1,2,787,-999
788,788,1,2,788,-999
789,789,1,2,789,-999
790,790,1,2,790,-999
791,791,1,2,791,-999
792,792,1,2,792,-999
793,793,1,2,793,-999
794,794,1,2,794,-999
795,795,1,2,795,-999
796,796,1,2,796,-999
797,797,1,2,797,-999
798,798,1,2,798,-999
799,799,1,2,799,-999
800,800,1,2,800,-999
801,801,1,2,801,-999
802,802,1,2,802,-999
803,803,1,2,803,-999
804,804,1,2,804,-999
805,805,1,2,805,-999
806,806,1,2,806,-999
807,807,1,2,807,-999
808,808,1,2,808,-999
809,809,1,2,809,-999
810,810,1,2,810,-999
811,811,1,2,811,-999
812,812,1,2,812,-999
813,813,1,2,813,-999
814,814,1,2,814,-999
815,815,1,2,815,-999
816,816,1,2,816,-999
817,817,1,2,817,-999
818,818,1,2,818,-999
819,819,1,2,819,-999
820,820,1,2,820,-999
821,821,1,2,821,-999
822,822,1,2,822,-999
823,823,1,2,823,-999
824,824,1,2,824,-999
825,825,1,2,825,-999
826,826,1,2,826,-999
827,827,1,2,827,-999
828,828,1,2,828,-999
829,829,1,2,829,-999
830,830,1,2,830,-999
831,831,1,2,831,-999
832,832,1,2,832,-999
833,833,1,2,833,-999
834,834,1,2,834,-999
835,835,1,2,835,-999
836,836,1,2,836,-999
837,837,1,2,837,-999
838,838,1,2,838,-999
839,839,1,2,839,-999
840,840,1,2,840,-999
841,841,1,2,841,-999
842,842,1,2,842,-999
843,843,1,2,843,-999
844,844,1,2,844,-999
845,845,1,2,845,-999
846,846,1,2,846,-999
847,847,1,2,847,-999
848,848,1,2,848,-999
849,849,1,2,849,-999
850,850,1,2,850,-999
851,851,1,2,851,-999
852,852,1,2,852,-999
853,853,1,2,853,-999
854,854,1,2,854,-999
855,855,1,2,855,-999
856,856,1,2,856,-999
857,857,1,2,857,-999
858,858,1,2,858,-999
859,859,1,2,859,-999
860,860,1,2,860,-999
861,861,1,2,861,-999
862,862,1,2,862,-999
863,863,1,2,863,-999
864,864,1,2,864,-999
865,865,1,2,865,-999
866,866,1,2,866,-999
867,867,1,2,867,-999
868,868,1,2,868,-999
869,869,1,2,869,-999
870,870,1,2,870,-999
871,871,1,2,871,-999
872,872,1,2,872,-999
873,873,1,2,873,-999
874,874,1,2,874,-999
875,875,1,2,875,-999
876,876,1,2,876,-999
877,877,1,2,877,-999
878,878,1,2,878,-999
879,879,1,2,879,-999
880,880,1,2,880,-999
881,881,1,2,881,-999
882,882,1,2,882,-999
883,883,1,2,883,-999
884,884,1,2,884,-999
885,885,1,2,885,-999
886,886,1,2,886,-999
887,887,1,2,887,-999
888,888,1,2,888,-999
889,889,1,2,889,-999
890,890,1,2,890,-999
891,891,1,2,891,-999
892,892,1,2,892,-999
893,893,1,2,893,-999
894,894,1,2,894,-999
895,895,1,2,895,-999
896,896,1,2,896,-999
897,897,1,2,897,-999
898,898,1,2,898,-999
899,899,1,2,899,-999
900,900,1,2,900,-999
901,901,1,2,901,-999
902,902,1,2,902,-999
903,903,1,2,903,-999
904,904,1,2,904,-999
905,905,1,2,905,-999
906,906,1,2,906,-999
907,907,1,2,907,-999
908,908,1,2,908,-999
909,909,1,2,909,-999
910,910,1,2,910,-999
911,911,1,2,911,-999
912,912,1,2,912,-999
913,913,1,2,913,-999
914,914,1,2,914,-999
915,915,1,2,915,-999
916,916,1,2,916,-999
917,917,1,2,917,-999
918,918,1,2,918,-999
919,919,1,2,919,-999
920,920,1,2,920,-999
921,921,1,2,921,-999
922,922,1,2,922,-999
923,923,1,2,923,-999
924,924,1,2,924,-999
925,925,1,2,925,-999
926,926,1,2,926,-999
927,927,1,2,927,-999
928,928,1,2,928,-999
929,929,1,2,929,-999
930,930,1,2,930,-999
931,931,1,2,931,-999
932,932,1,2,932,-999
933,933,1,2,933,-999
934,934,1,2,934,-999
935,935,1,2,935,-999
936,936,1,2,936,-999
937,937,1,2,937,-999
938,938,1,2,938,-999
939,939,1,2,939,-999
940,940,1,2,940,-999
941,941,1,2,941,-999
942,942,1,2,942,-999
943,943,1,2,943,-999
944,944,1,2,944,-999
945,945,1,2,945,-999
946,946,1,2,946,-999
947,947,1,2,947,-999
948,948,1,2,948,-999
949,949,1,2,949,-999
950,950,1,2,950,-999
951,951,1,2,951,-999
952,952,1,2,952,-999
953,953,1,2,953,-999
954,954,1,2,954,-999
955,955,1,2,955,-999
956,956,1,2,956,-999
957,957,1,2,957,-999
958,958,1,2,958,-999
959,959,1,2,959,-999
960,960,1,2,960,-999
961,961,1,2,961,-999
962,962,1,2,962,-999
963,963,1,2,963,-999
964,964,1,2,964,-999
965,965,1,2,965,-999
966,966,1,2,966,-999
967,967,1,2,967,-999
968,968,1,2,968,-999
969,969,1,2,969,-999
970,970,1,2,970,-999
971,971,1,2,971,-999
972,972,1,2,972,-999
973,973,1,2,973,-999
974,974,1,2,974,-999
975,975,1,2,975,-999
976,976,1,2,976,-999
977,977,1,2,977,-999
978,978,1,2,978,-999
979,979,1,2,979,-999
980,980,1,2,980,-999
981,981,1,2,981,-999
982,982,1,2,982,-999
983,983,1,2,983,-999
984,984,1,2,984,-999
985,985,1,2,985,-999
986,986,1,2,986,-999
987,987,1,2,987,-999
988,988,1,2,988,-999
989,989,1,2,989,-999
990,990,1,2,990,-999
991,991,1,2,991,-999
992,992,1,2,992,-999
993,993,1,2,993,-999
994,994,1,2,994,-999
995,995,1,2,995,-999
996,996,1,2,996,-999
997,997,1,2,997,-999
998,998,1,2,998,-999
999,999,1,2,999,-999
1000,1000,1,2,1000,-999
1001,1001,1,2,1001,-999
1002,1002,1,2,1002,-999
1003,1003,1,2,1003,-999
1004,1004,1,2,1004,-999
1005,1005,1,2,1005,-999
1006,1006,1,2,1006,-999
1007,1007,1,2,1007,-999
1008,1008,1,2,1008,-999
1009,1009,1,2,1009,-999
1010,1010,1,2,1010,-999
1011,1011,1,2,1011,-999
1012,1012,1,2,1012,-999
1013,1013,1,2,1013,-999
1014,1014,1,2,1014,-999
1015,1015,1,2,1015,-999
1016,1016,1,2,1016,-999
1017,1017,1,2,1017,-999
1018,1018,1,2,1018,-999
1019,1019,1,2,1019,-999
1020,1020,1,2,1020,-999
1021,1021,1,2,1021,-999
1022,1022,1,2,1022,-999
1023,1023,1,2,1023,-999
1024,1024,1,2,1024,-999
1025,1025,1,2,1025,-999
1026,1026,1,2,1026,-999
1027,1027,1,2,1027,-999
1028,1028,1,2,1028,-999
1029,1029,1,2,1029,-999
1030,1030,1,2,1030,-999
1031,1031,1,2,1031,-999
1032,1032,1,2,1032,-999
1033,1033,1,2,1033,-999
1034,1034,1,2,1034,-999
1035,1035,1,2,1035,-999
1036,1036,1,2,1036,-999
1037,1037,1,2,1037,-999
1038,1038,1,2,1038,-999
1039,1039,1,2,1039,-999
1040,1040,1,2,1040,-999
1041,1041,1,2,1041,-999
1042,1042,1,2,1042,-999
1043,1043,1,2,1043,-999
1044,1044,1,2,1044,-999
1045,1045,1,2,1045,-999
1046,1046,1,2,1046,-999
1047,1047,1,2,1047,-999
1048,1048,1,2,1048,-999
1049,1049,1,2,1049,-999
1050,1050,1,2,1050,-999
1051,1051,1,2,1051,-999
1052,1052,1,2,1052,-999
1053,1053,1,2,1053,-999
1054,1054,1,2,1054,-999
1055,1055,1,2,1055,-999
1056,1056,1,2,1056,-999
1057,1057,1,2,1057,-999
1058,1058,1,2,1058,-999
1059,1059,1,2,1059,-999
1060,1060,1,2,1060,-999
1061,1061,1,2,1061,-999
1062,1062,1,2,1062,-999
1063,1063,1,2,1063,-999
1064,1064,1,2,1064,-999
1065,1065,1,2,1065,-999
1066,1066,1,2,1066,-999
1067,1067,1,2,1067,-999
1068,1068,1,2,1068,-999
1069,1069,1,2,1069,-999
1070,1070,1,2,1070,-999
1071,1071,1,2,1071,-999
1072,1072,1,2,1072,-999
1073,1073,1,2,1073,-999
1074,1074,1,2,1074,-999
1075,1075,1,2,1075,-999
1076,1076,1,2,1076,-999
1077,1077,1,2,1077,-999
1078,1078,1,2,1078,-999
1079,1079,1,2,1079,-999
1080,1080,1,2,1080,-999
1081,1081,1,2,1081,-999
1082,1082,1,2,1082,-999
1083,1083,1,2,1083,-999
1084,1084,1,2,1084,-999
1085,1085,1,2,1085,-999
1086,1086,1,2,1086,-999
1087,1087,1,2,1087,-999
1088,1088,1,2,1088,-999
1089,1089,1,2,1089,-999
1090,1090,1,2,1090,-999
1091,1091,1,2,1091,-999
1092,1092,1,2,1092,-999
1093,1093,1,2,1093,-999
1094,1094,1,2,1094,-999
1095,1095,1,2,1095,-999
1096,1096,1,2,1096,-999
1097,1097,1,2,1097,-999
1098,1098,1,2,1098,-999
1099,1099,1,2,1099,-999
1100,1100,1,2,1100,-999
1101,1101,1,2,1101,-999
1102,1102,1,2,1102,-999
1103,1103,1,2,1103,-999
1104,1104,1,2,1104,-999
1105,1105,1,2,1105,-999
1106,1106,1,2,1106,-999
1107,1107,1,2,1107,-999
1108,1108,1,2,1108,-999
1109,1109,1,2,1109,-999
1110,1110,1,2,1110,-999
1111,1111,1,2,1111,-999
1112,1112,1,2,1112,-999
1113,1113,1,2,1113,-999
1114,1114,1,2,1114,-999
1115,1115,1,2,1115,-999
1116,1116,1,2,1116,-999
1117,1117,1,2,1117,-999
1118,1118,1,2,1118,-999
1119,1119,1,2,1119,-999
1120,1120,1,2,1120,-999
1121,1121,1,2,1121,-999
1122,1122,1,2,1122,-999
1123,1123,1,2,1123,-999
1124,1124,1,2,1124,-999
1125,1125,1,2,1125,-999
1126,1126,1,2,1126,-999
1127,1127,1,2,1127,-999
1128,1128,1,2,1128,-999
1129,1129,1,2,1129,-999
1130,1130,1,2,1130,-999
1131,1131,1,2,1131,-999
1132,1132,1,2,1132,-999
1133,1133,1,2,1133,-999
1134,1134,1,2,1134,-999
1135,1135,1,2,1135,-999
1136,1136,1,2,1136,-999
1137,1137,1,2,1137,-999
1138,1138,1,2,1138,-999
1139,1139,1,2,1139,-999
1140,1140,1,2,1140,-999
1141,1141,1,2,1141,-999
1142,1142,1,2,1142,-999
1143,1143,1,2,1143,-999
1144,1144,1,2,1144,-999
1145,1145,1,2,1145,-999
1146,1146,1,2,1146,-999
1147,1147,1,2,1147,-999
1148,1148,1,2,1148,-999
1149,1149,1,2,1149,-999
1150,1150,1,2,1150,-999
1151,1151,1,2,1151,-999
1152,1152,1,2,1152,-999
1153,1153,1,2,1153,-999
1154,1154,1,2,1154,-999
1155,1155,1,2,1155,-999
1156,1156,1,2,1156,-999
1157,1157,1,2,1157,-999
1158,1158,1,2,1158,-999
1159,1159,1,2,1159,-999
1160,1160,1,2,1160,-999
1161,1161,1,2,1161,-999
1162,1162,1,2,1162,-999
1163,1163,1,2,1163,-999
1164,1164,1,2,1164,-999
1165,1165,1,2,1165,-999
1166,1166,1,2,1166,-999
1167,1167,1,2,1167,-999
1168,1168,1,2,1168,-999
1169,1169,1,2,1169,-999
1170,1170,1,2,1170,-999
1171,1171,1,2,1171,-999
1172,1172,1,2,1172,-999
1173,1173,1,2,1173,-999
1174,1174,1,2,1174,-999
1175,1175,1,2,1175,-999
1176,1176,1,2,1176,-999
1177,1177,1,2,1177,-999
1178,1178,1,2,1178,-999
1179,1179,1,2,1179,-999
1180,1180,1,2,1180,-999
1181,1181,1,2,1181,-999
1182,1182,1,2,1182,-999
1183,1183,1,2,1183,-999
1184,1184,1,2,1184,-999
1185,1185,1,2,1185,-999
1186,1186,1,2,1186,-999
1187,1187,1,2,1187,-999
1188,1188,1,2,1188,-999
1189,1189,1,2,1189,-999
1190,1190,1,2,1190,-999
1191,1191,1,2,1191,-999
1192,1192,1,2,1192,-999
1193,1193,1,2,1193,-999
1194,1194,1,2,1194,-999
1195,1195,1,2,1195,-999
1196,1196,1,2,1196,-999
1197,1197,1,2,1197,-999
1198,1198,1,2,1198,-999
1199,1199,1,2,1199,-999
1200,1200,1,2,1200,-999
1201,1201,1,2,1201,-999
1202,1202,1,2,1202,-999
1203,1203,1,2,1203,-999
1204,1204,1,2,1204,-999
1205,1205,1,2,1205,-999
1206,1206,1,2,1206,-999
1207,1207,1,2,1207,-999
1208,1208,1,2,1208,-999
1209,1209,1,2,1209,-999
1210,1210,1,2,1210,-999
1211,1211,1,2,1211,-999
1212,1212,1,2,1212,-999
1213,1213,1,2,1213,-999
1214,1214,1,2,1214,-999
1215,1215,1,2,1215,-999
1216,1216,1,2,1216,-999
1217,1217,1,2,1217,-999
1218,1218,1,2,1218,-999
1219,1219,1,2,1219,-999
1220,1220,1,2,1220,-999
1221,1221,1,2,1221,-999
1222,1222,1,2,1222,-999
1223,1223,1,2,1223,-999
1224,1224,1,2,1224,-999
1225,1225,1,2,1225,-999
1226,1226,1,2,1226,-999
1227,1227,1,2,1227,-999
1228,1228,1,2,1228,-999
1229,1229,1,2,1229,-999
1230,1230,1,2,1230,-999
1231,1231,1,2,1231,-999
1232,1232,1,2,1232,-999
1233,1233,1,2,1233,-999
1234,1234,1,2,1234,-999
1235,1235,1,2,1235,-999
1236,1236,1,2,1236,-999
1237,1237,1,2,1237,-999
1238,1238,1,2,1238,-999
1239,1239,1,2,1239,-999
1240,1240,1,2,1240,-999
1241,1241,1,2,1241,-999
1242,1242,1,2,1242,-999
1243,1243,1,2,1243,-999
1244,1244,1,2,1244,-999
1245,1245,1,2,1245,-999
1246,1246,1,2,1246,-999
1247,1247,1,2,1247,-999
1248,1248,1,2,1248,-999
1249,1249,1,2,1249,-999
1250,1250,1,2,1250,-999
1251,1251,1,2,1251,-999
1252,1252,1,2,1252,-999
1253,1253,1,2,1253,-999
1254,1254,1,2,1254,-999
1255,1255,1,2,1255,-999
1256,1256,1,2,1256,-999
1257,1257,1,2,1257,-999
1258,1258,1,2,1258,-999
1259,1259,1,2,1259,-999
1260,1260,1,2,1260,-999
1261,1261,1,2,1261,-999
1262,1262,1,2,1262,-999
1263,1263,1,2,1263,-999
1264,1264,1,2,1264,-999
1265,1265,1,2,1265,-999
1266,1266,1,2,1266,-999
1267,1267,1,2,1267,-999
1268,1268,1,2,1268,-999
1269,1269,1,2,1269,-999
1270,1270,1,2,1270,-999
1271,1271,1,2,1271,-999
1272,1272,1,2,1272,-999
1273,1273,1,2,1273,-999
1274,1274,1,2,1274,-999
1275,1275,1,2,1275,-999
1276,1276,1,2,1276,-999
1277,1277,1,2,1277,-999
1278,1278,1,2,1278,-999
1279,1279,1,2,1279,-999
1280,1280,1,2,1280,-999
1281,1281,1,2,1281,-999
1282,1282,1,2,1282,-999
1283,1283,1,2,1283,-999
1284,1284,1,2,1284,-999
1285,1285,1,2,1285,-999
1286,1286,1,2,1286,-999
1287,1287,1,2,1287,-999
1288,1288,1,2,1288,-999
1289,1289,1,2,1289,-999
1290,1290,1,2,1290,-999
1291,1291,1,2,1291,-999
1292,1292,1,2,1292,-999
1293,1293,1,2,1293,-999
1294,1294,1,2,1294,-999
1295,1295,1,2,1295,-999
1296,1296,1,2,1296,-999
1297,1297,1,2,1297,-999
1298,1298,1,2,1298,-999
1299,1299,1,2,1299,-999
1300,1300,1,2,1300,-999
1301,1301,1,2,1301,-999
1302,1302,1,2,1302,-999
1303,1303,1,2,1303,-999
1304,1304,1,2,1304,-999
1305,1305,1,2,1305,-999
1306,1306,1,2,1306,-999
1307,1307,1,2,1307,-999
1308,1308,1,2,1308,-999
1309,1309,1,2,1309,-999
1310,1310,1,2,1310,-999
1311,1311,1,2,1311,-999
1312,1312,1,2,1312,-999
1313,1313,1,2,1313,-999
1314,1314,1,2,1314,-999
1315,1315,1,2,1315,-999
1316,1316,1,2,1316,-999
1317,1317,1,2,1317,-999
1318,1318,1,2,1318,-999
1319,1319,1,2,1319,-999
1320,1320,1,2,1320,-999
1321,1321,1,2,1321,-999
1322,1322,1,2,1322,-999
1323,1323,1,2,1323,-999
1324,1324,1,2,1324,-999
1325,1325,1,2,1325,-999
1326,1326,1,2,1326,-999
1327,1327,1,2,1327,-999
1328,1328,1,2,1328,-999
1329,1329,1,2,1329,-999
1330,1330,1,2,1330,-999
1331,1331,1,2,1331,-999
1332,1332,1,2,1332,-999
1333,1333,1,2,1333,-999
1334,1334,1,2,1334,-999
1335,1335,1,2,1335,-999
1336,1336,1,2,1336,-999
1337,1337,1,2,1337,-999
1338,1338,1,2,1338,-999
1339,1339,1,2,1339,-999
1340,1340,1,2,1340,-999
1341,1341,1,2,1341,-999
1342,1342,1,2,1342,-999
1343,1343,1,2,1343,-999
1344,1344,1,2,1344,-999
1345,1345,1,2,1345,-999
1346,1346,1,2,1346,-999
1347,1347,1,2,1347,-999
1348,1348,1,2,1348,-999
1349,1349,1,2,1349,-999
1350,1350,1,2,1350,-999
1351,1351,1,2,1351,-999
1352,1352,1,2,1352,-999
1353,1353,1,2,1353,-999
1354,1354,1,2,1354,-999
1355,1355,1,2,1355,-999
1356,1356,1,2,1356,-999
1357,1357,1,2,1357,-999
1358,1358,1,2,1358,-999
1359,1359,1,2,1359,-999
1360,1360,1,2,1360,-999
1361,1361,1,2,1361,-999
1362,1362,1,2,1362,-999
1363,1363,1,2,1363,-999
1364,1364,1,2,1364,-999
1365,1365,1,2,1365,-999
1366,1366,1,2,1366,-999
1367,1367,1,2,1367,-999
1368,1368,1,2,1368,-999
1369,1369,1,2,1369,-999
1370,1370,1,2,1370,-999
1371,1371,1,2,1371,-999
1372,1372,1,2,1372,-999
1373,1373,1,2,1373,-999
1374,1374,1,2,1374,-999
1375,1375,1,2,1375,-999
1376,1376,1,2,1376,-999
1377,1377,1,2,1377,-999
1378,1378,1,2,1378,-999
1379,1379,1,2,1379,-999
1380,1380,1,2,1380,-999
1381,1381,1,2,1381,-999
1382,1382,1,2,1382,-999
1383,1383,1,2,1383,-999
1384,1384,1,2,1384,-999
1385,1385,1,2,1385,-999
1386,1386,1,2,1386,-999
1387,1387,1,2,1387,-999
1388,1388,1,2,1388,-999
1389,1389,1,2,1389,-999
1390,1390,1,2,1390,-999
1391,1391,1,2,1391,-999
1392,1392,1,2,1392,-999
1393,1393,1,2,1393,-999
1394,1394,1,2,1394,-999
1395,1395,1,2,1395,-999
1396,1396,1,2,1396,-999
1397,1397,1,2,1397,-999
1398,1398,1,2,1398,-999
1399,1399,1,2,1399,-999
1400,1400,1,2,1400,-999
1401,1401,1,2,1401,-999
1402,1402,1,2,1402,-999
1403,1403,1,2,1403,-999
1404,1404,1,2,1404,-999
1405,1405,1,2,1405,-999
1406,1406,1,2,1406,-999
1407,1407,1,2,1407,-999
1408,1408,1,2,1408,-999
1409,1409,1,2,1409,-999
1410,1410,1,2,1410,-999
1411,1411,1,2,1411,-999
1412,1412,1,2,1412,-999
1413,1413,1,2,1413,-999
1414,1414,1,2,1414,-999
1415,1415,1,2,1415,-999
1416,1416,1,2,1416,-999
1417,1417,1,2,1417,-999
1418,1418,1,2,1418,-999
1419,1419,1,2,1419,-999
1420,1420,1,2,1420,-999
1421,1421,1,2,1421,-999
1422,1422,1,2,1422,-999
1423,1423,1,2,1423,-999
1424,1424,1,2,1424,-999
1425,1425,1,2,1425,-999
1426,1426,1,2,1426,-999
1427,1427,1,2,1427,-999
1428,1428,1,2,1428,-999
1429,1429,1,2,1429,-999
1430,1430,1,2,1430,-999
1431,1431,1,2,1431,-999
1432,1432,1,2,1432,-999
1433,1433,1,2,1433,-999
1434,1434,1,2,1434,-999
1435,1435,1,2,1435,-999
1436,1436,1,2,1436,-999
1437,1437,1,2,1437,-999
1438,1438,1,2,1438,-999
1439,1439,1,2,1439,-999
1440,1440,1,2,1440,-999
1441,1441,1,2,1441,-999
1442,1442,1,2,1442,-999
1443,1443,1,2,1443,-999
1444,1444,1,2,1444,-999
1445,1445,1,2,1445,-999
1446,1446,1,2,1446,-999
1447,1447,1,2,1447,-999
1448,1448,1,2,1448,-999
1449,1449,1,2,1449,-999
1450,1450,1,2,1450,-999
1451,1451,1,2,1451,-999
1452,1452,1,2,1452,-999
1453,1453,1,2,1453,-999
1454,1454,1,2,1454,-999
1455,1455,1,2,1455,-999
1456,1456,1,2,1456,-999
1457,1457,1,2,1457,-999
1458,1458,1,2,1458,-999
1459,1459,1,2,1459,-999
1460,1460,1,2,1460,-999
1461,1461,1,2,1461,-999
1462,1462,1,2,1462,-999
1463,1463,1,2,1463,-999
1464,1464,1,2,1464,-999
1465,1465,1,2,1465,-999
1466,1466,1,2,1466,-999
1467,1467,1,2,1467,-999
1468,1468,1,2,1468,-999
1469,1469,1,2,1469,-999
1470,1470,1,2,1470,-999
1471,1471,1,2,1471,-999
1472,1472,1,2,1472,-999
1473,1473,1,2,1473,-999
1474,1474,1,2,1474,-999
1475,1475,1,2,1475,-999
1476,1476,1,2,1476,-999
1477,1477,1,2,1477,-999
1478,1478,1,2,1478,-999
1479,1479,1,2,1479,-999
1480,1480,1,2,1480,-999
1481,1481,1,2,1481,-999
1482,1482,1,2,1482,-999
1483,1483,1,2,1483,-999
1484,1484,1,2,1484,-999
1485,1485,1,2,1485,-999
1486,1486,1,2,1486,-999
1487,1487,1,2,1487,-999
1488,1488,1,2,1488,-999
1489,1489,1,2,1489,-999
1490,1490,1,2,1490,-999
1491,1491,1,2,1491,-999
1492,1492,1,2,1492,-999
1493,1493,1,2,1493,-999
1494,1494,1,2,1494,-999
1495,1495,1,2,1495,-999
1496,1496,1,2,1496,-999
1497,1497,1,2,1497,-999
1498,1498,1,2,1498,-999
1499,1499,1,2,1499,-999
1500,1500,1,2,1500,-999
1501,1501,1,2,1501,-999
1502,1502,1,2,1502,-999
1503,1503,1,2,1503,-999
1504,1504,1,2,1504,-999
1505,1505,1,2,1505,-999
1506,1506,1,2,1506,-999
1507,1507,1,2,1507,-999
1508,1508,1,2,1508,-999
1509,1509,1,2,1509,-999
1510,1510,1,2,1510,-999
1511,1511,1,2,1511,-999
1512,1512,1,2,1512,-999
1513,1513,1,2,1513,-999
1514,1514,1,2,1514,-999
1515,1515,1,2,1515,-999
1516,1516,1,2,1516,-999
1517,1517,1,2,1517,-999
1518,1518,1,2,1518,-999
1519,1519,1,2,1519,-999
1520,1520,1,2,1520,-999
1521,1521,1,2,1521,-999
1522,1522,1,2,1522,-999
1523,1523,1,2,1523,-999
1524,1524,1,2,1524,-999
1525,1525,1,2,1525,-999
1526,1526,1,2,1526,-999
1527,1527,1,2,1527,-999
1528,1528,1,2,1528,-999
1529,1529,1,2,1529,-999
1530,1530,1,2,1530,-999
1531,1531,1,2,1531,-999
1532,1532,1,2,1532,-999
1533,1533,1,2,1533,-999
1534,1534,1,2,1534,-999
1535,1535,1,2,1535,-999
1536,1536,1,2,1536,-999
1537,1537,1,2,1537,-999
1538,1538,1,2,1538,-999
1539,1539,1,2,1539,-999
1540,1540,1,2,1540,-999
1541,1541,1,2,1541,-999
1542,1542,1,2,1542,-999
1543,1543,1,2,1543,-999
1544,1544,1,2,1544,-999
1545,1545,1,2,1545,-999
1546,1546,1,2,1546,-999
1547,1547,1,2,1547,-999
1548,1548,1,2,1548,-999
1549,1549,1,2,1549,-999
1550,1550,1,2,1550,-999
1551,1551,1,2,1551,-999
1552,1552,1,2,1552,-999
1553,1553,1,2,1553,-999
1554,1554,1,2,1554,-999
1555,1555,1,2,1555,-999
1556,1556,1,2,1556,-999
1557,1557,1,2,1557,-999
1558,1558,1,2,1558,-999
1559,1559,1,2,1559,-999
1560,1560,1,2,1560,-999
1561,1561,1,2,1561,-999
1562,1562,1,2,1562,-999
1563,1563,1,2,1563,-999
1564,1564,1,2,1564,-999
1565,1565,1,2,1565,-999
1566,1566,1,2,1566,-999
1567,1567,1,2,1567,-999
1568,1568,1,2,1568,-999
1569,1569,1,2,1569,-999
1570,1570,1,2,1570,-999
1571,1571,1,2,1571,-999
1572,1572,1,2,1572,-999
1573,1573,1,2,1573,-999
1574,1574,1,2,1574,-999
1575,1575,1,2,1575,-999
1576,1576,1,2,1576,-999
1577,1577,1,2,1577,-999
1578,1578,1,2,1578,-999
1579,1579,1,2,1579,-999
1580,1580,1,2,1580,-999
1581,1581,1,2,1581,-999
1582,1582,1,2,1582,-999
1583,1583,1,2,1583,-999
1584,1584,1,2,1584,-999
1585,1585,1,2,1585,-999
1586,1586,1,2,1586,-999
1587,1587,1,2,1587,-999
1588,1588,1,2,1588,-999
1589,1589,1,2,1589,-999
1590,1590,1,2,1590,-999
1591,1591,1,2,1591,-999
1592,1592,1,2,1592,-999
1593,1593,1,2,1593,-999
1594,1594,1,2,1594,-999
1595,1595,1,2,1595,-999
1596,1596,1,2,1596,-999
1597,1597,1,2,1597,-999
1598,1598,1,2,1598,-999
1599,1599,1,2,1599,-999
1600,1600,1,2,1600,-999
1601,1601,1,2,1601,-999
1602,1602,1,2,1602,-999
1603,1603,1,2,1603,-999
1604,1604,1,2,1604,-999
1605,1605,1,2,1605,-999
1606,1606,1,2,1606,-999
1607,1607,1,2,1607,-999
1608,1608,1,2,1608,-999
1609,1609,1,2,1609,-999
1610,1610,1,2,1610,-999
1611,1611,1,2,1611,-999
1612,1612,1,2,1612,-999
1613,1613,1,2,1613,-999
1614,1614,1,2,1614,-999
1615,1615,1,2,1615,-999
1616,1616,1,2,1616,-999
1617,1617,1,2,1617,-999
1618,1618,1,2,1618,-999
1619,1619,1,2,1619,-999
1620,1620,1,2,1620,-999
1621,1621,1,2,1621,-999
1622,1622,1,2,1622,-999
1623,1623,1,2,1623,-999
1624,1624,1,2,1624,-999
1625,1625,1,2,1625,-999
1626,1626,1,2,1626,-999
1627,1627,1,2,1627,-999
1628,1628,1,2,1628,-999
1629,1629,1,2,1629,-999
1630,1630,1,2,1630,-999
1631,1631,1,2,1631,-999
1632,1632,1,2,1632,-999
1633,1633,1,2,1633,-999
1634,1634,1,2,1634,-999
1635,1635,1,2,1635,-999
1636,1636,1,2,1636,-999
1637,1637,1,2,1637,-999
1638,1638,1,2,1638,-999
1639,1639,1,2,1639,-999
1640,1640,1,2,1640,-999
1641,1641,1,2,1641,-999
1642,1642,1,2,1642,-999
1643,1643,1,2,1643,-999
1644,1644,1,2,1644,-999
1645,1645,1,2,1645,-999
1646,1646,1,2,1646,-999
1647,1647,1,2,1647,-999
1648,1648,1,2,1648,-999
1649,1649,1,2,1649,-999
1650,1650,1,2,1650,-999
1651,1651,1,2,1651,-999
1652,1652,1,2,1652,-999
1653,1653,1,2,1653,-999
1654,1654,1,2,1654,-999
1655,1655,1,2,1655,-999
1656,1656,1,2,1656,-999
1657,1657,1,2,1657,-999
1658,1658,1,2,1658,-999
1659,1659,1,2,1659,-999
1660,1660,1,2,1660,-999
1661,1661,1,2,1661,-999
1662,1662,1,2,1662,-999
1663,1663,1,2,1663,-999
1664,1664,1,2,1664,-999
1665,1665,1,2,1665,-999
1666,1666,1,2,1666,-999
1667,1667,1,2,1667,-999
1668,1668,1,2,1668,-999
1669,1669,1,2,1669,-999
1670,1670,1,2,1670,-999
1671,1671,1,2,1671,-999
1672,1672,1,2,1672,-999
1673,1673,1,2,1673,-999
1674,1674,1,2,1674,-999
1675,1675,1,2,1675,-999
1676,1676,1,2,1676,-999
1677,1677,1,2,1677,-999
1678,1678,1,2,1678,-999
1679,1679,1,2,1679,-999
1680,1680,1,2,1680,-999
1681,1681,1,2,1681,-999
1682,1682,1,2,1682,-999
1683,1683,1,2,1683,-999
1684,1684,1,2,1684,-999
1685,1685,1,2,1685,-999
1686,1686,1,2,1686,-999
1687,1687,1,2,1687,-999
1688,1688,1,2,1688,-999
1689,1689,1,2,1689,-999
1690,1690,1,2,1690,-999
1691,1691,1,2,1691,-999
1692,1692,1,2,1692,-999
1693,1693,1,2,1693,-999
1694,1694,1,2,1694,-999
1695,1695,1,2,1695,-999
1696,1696,1,2,1696,-999
1697,1697,1,2,1697,-999
1698,1698,1,2,1698,-999
1699,1699,1,2,1699,-999
1700,1700,1,2,1700,-999
1701,1701,1,2,1701,-999
1702,1702,1,2,1702,-999
1703,1703,1,2,1703,-999
1704,1704,1,2,1704,-999
1705,1705,1,2,1705,-999
1706,1706,1,2,1706,-999
1707,1707,1,2,1707,-999
1708,1708,1,2,1708,-999
1709,1709,1,2,1709,-999
1710,1710,1,2,1710,-999
1711,1711,1,2,1711,-999
1712,1712,1,2,1712,-999
1713,1713,1,2,1713,-999
1714,1714,1,2,1714,-999
1715,1715,1,2,1715,-999
1716,1716,1,2,1716,-999
1717,1717,1,2,1717,-999
1718,1718,1,2,1718,-999
1719,1719,1,2,1719,-999
1720,1720,1,2,1720,-999
1721,1721,1,2,1721,-999
1722,1722,1,2,1722,-999
1723,1723,1,2,1723,-999
1724,1724,1,2,1724,-999
1725,1725,1,2,1725,-999
1726,1726,1,2,1726,-999
1727,1727,1,2,1727,-999
1728,1728,1,2,1728,-999
1729,1729,1,2,1729,-999
1730,1730,1,2,1730,-999
1731,1731,1,2,1731,-999
1732,1732,1,2,1732,-999
1733,1733,1,2,1733,-999
1734,1734,1,2,1734,-999
1735,1735,1,2,1735,-999
1736,1736,1,2,1736,-999
1737,1737,1,2,1737,-999
1738,1738,1,2,1738,-999
1739,1739,1,2,1739,-999
1740,1740,1,2,1740,-999
1741,1741,1,2,1741,-999
1742,1742,1,2,1742,-999
1743,1743,1,2,1743,-999
1744,1744,1,2,1744,-999
1745,1745,1,2,1745,-999
1746,1746,1,2,1746,-999
1747,1747,1,2,1747,-999
1748,1748,1,2,1748,-999
1749,1749,1,2,1749,-999
1750,1750,1,2,1750,-999
1751,1751,1,2,1751,-999
1752,1752,1,2,1752,-999
1753,1753,1,2,1753,-999
1754,1754,1,2,1754,-999
1755,1755,1,2,1755,-999
1756,1756,1,2,1756,-999
1757,1757,1,2,1757,-999
1758,1758,1,2,1758,-999
1759,1759,1,2,1759,-999
1760,1760,1,2,1760,-999
1761,1761,1,2,1761,-999
1762,1762,1,2,1762,-999
1763,1763,1,2,1763,-999
1764,1764,1,2,1764,-999
1765,1765,1,2,1765,-999
1766,1766,1,2,1766,-999
1767,1767,1,2,1767,-999
1768,1768,1,2,1768,-999
1769,1769,1,2,1769,-999
1770,1770,1,2,1770,-999
1771,1771,1,2,1771,-999
1772,1772,1,2,1772,-999
1773,1773,1,2,1773,-999
1774,1774,1,2,1774,-999
1775,1775,1,2,1775,-999
1776,1776,1,2,1776,-999
1777,1777,1,2,1777,-999
1778,1778,1,2,1778,-999
1779,1779,1,2,1779,-999
1780,1780,1,2,1780,-999
1781,1781,1,2,1781,-999
1782,1782,1,2,1782,-999
1783,1783,1,2,1783,-999
1784,1784,1,2,1784,-999
1785,1785,1,2,1785,-999
1786,1786,1,2,1786,-999
1787,1787,1,2,1787,-999
1788,1788,1,2,1788,-999
1789,1789,1,2,1789,-999
1790,1790,1,2,1790,-999
1791,1791,1,2,1791,-999
1792,1792,1,2,1792,-999
1793,1793,1,2,1793,-999
1794,1794,1,2,1794,-999
1795,1795,1,2,1795,-999
1796,1796,1,2,1796,-999
1797,1797,1,2,1797,-999
1798,1798,1,2,1798,-999
1799,1799,1,2,1799,-999
1800,1800,1,2,1800,-999
1801,1801,1,2,1801,-999
1802,1802,1,2,1802,-999
1803,1803,1,2,1803,-999
1804,1804,1,2,1804,-999
1805,1805,1,2,1805,-999
1806,1806,1,2,1806,-999
1807,1807,1,2,1807,-999
1808,1808,1,2,1808,-999
1809,1809,1,2,1809,-999
1810,1810,1,2,1810,-999
1811,1811,1,2,1811,-999
1812,1812,1,2,1812,-999
1813,1813,1,2,1813,-999
1814,1814,1,2,1814,-999
1815,1815,1,2,1815,-999
1816,1816,1,2,1816,-999
1817,1817,1,2,1817,-999
1818,1818,1,2,1818,-999
1819,1819,1,2,1819,-999
1820,1820,1,2,1820,-999
1821,1821,1,2,1821,-999
1822,1822,1,2,1822,-999
1823,1823,1,2,1823,-999
1824,1824,1,2,1824,-999
1825,1825,1,2,1825,-999
1826,1826,1,2,1826,-999
1827,1827,1,2,1827,-999
1828,1828,1,2,1828,-999
1829,1829,1,2,1829,-999
1830,1830,1,2,1830,-999
1831,1831,1,2,1831,-999
1832,1832,1,2,1832,-999
1833,1833,1,2,1833,-999
1834,1834,1,2,1834,-999
1835,1835,1,2,1835,-999
1836,1836,1,2,1836,-999
1837,1837,1,2,1837,-999
1838,1838,1,2,1838,-999
1839,1839,1,2,1839,-999
1840,1840,1,2,1840,-999
1841,1841,1,2,1841,-999
1842,1842,1,2,1842,-999
1843,1843,1,2,1843,-999
1844,1844,1,2,1844,-999
1845,1845,1,2,1845,-999
1846,1846,1,2,1846,-999
1847,1847,1,2,1847,-999
1848,1848,1,2,1848,-999
1849,1849,1,2,1849,-999
1850,1850,1,2,1850,-999
1851,1851,1,2,1851,-999
1852,1852,1,2,1852,-999
1853,1853,1,2,1853,-999
1854,1854,1,2,1854,-999
1855,1855,1,2,1855,-999
1856,1856,1,2,1856,-999
1857,1857,1,2,1857,-999
1858,1858,1,2,1858,-999
1859,1859,1,2,1859,-999
1860,1860,1,2,1860,-999
1861,1861,1,2,1861,-999
1862,1862,1,2,1862,-999
1863,1863,1,2,1863,-999
1864,1864,1,2,1864,-999
1865,1865,1,2,1865,-999
1866,1866,1,2,1866,-999
1867,1867,1,2,1867,-999
1868,1868,1,2,1868,-999
1869,1869,1,2,1869,-999
1870,1870,1,2,1870,-999
1871,1871,1,2,1871,-999
1872,1872,1,2,1872,-999
1873,1873,1,2,1873,-999
1874,1874,1,2,1874,-999
1875,1875,1,2,1875,-999
1876,1876,1,2,1876,-999
1877,1877,1,2,1877,-999
1878,1878,1,2,1878,-999
1879,1879,1,2,1879,-999
1880,1880,1,2,1880,-999
1881,1881,1,2,1881,-999
1882,1882,1,2,1882,-999
1883,1883,1,2,1883,-999
1884,1884,1,2,1884,-999
1885,1885,1,2,1885,-999
1886,1886,1,2,1886,-999
1887,1887,1,2,1887,-999
1888,1888,1,2,1888,-999
1889,1889,1,2,1889,-999
1890,1890,1,2,1890,-999
1891,1891,1,2,1891,-999
1892,1892,1,2,1892,-999
1893,1893,1,2,1893,-999
1894,1894,1,2,1894,-999
1895,1895,1,2,1895,-999
1896,1896,1,2,1896,-999
1897,1897,1,2,1897,-999
1898,1898,1,2,1898,-999
1899,1899,1,2,1899,-999
1900,1900,1,2,1900,-999
1901,1901,1,2,1901,-999
1902,1902,1,2,1902,-999
1903,1903,1,2,1903,-999
1904,1904,1,2,1904,-999
1905,1905,1,2,1905,-999
1906,1906,1,2,1906,-999
1907,1907,1,2,1907,-999
1908,1908,1,2,1908,-999
1909,1909,1,2,1909,-999
1910,1910,1,2,1910,-999
1911,1911,1,2,1911,-999
1912,1912,1,2,1912,-999
1913,1913,1,2,1913,-999
1914,1914,1,2,1914,-999
1915,1915,1,2,1915,-999
1916,1916,1,2,1916,-999
1917,1917,1,2,1917,-999
1918,1918,1,2,1918,-999
1919,1919,1,2,1919,-999
1920,1920,1,2,1920,-999
1921,1921,1,2,1921,-999
1922,1922,1,2,1922,-999
1923,1923,1,2,1923,-999
1924,1924,1,2,1924,-999
1925,1925,1,2,1925,-999
1926,1926,1,2,1926,-999
1927,1927,1,2,1927,-999
1928,1928,1,2,1928,-999
1929,1929,1,2,1929,-999
1930,1930,1,2,1930,-999
1931,1931,1,2,1931,-999
1932,1932,1,2,1932,-999
1933,1933,1,2,1933,-999
1934,1934,1,2,1934,-999
1935,1935,1,2,1935,-999
1936,1936,1,2,1936,-999
1937,1937,1,2,1937,-999
1938,1938,1,2,1938,-999
1939,1939,1,2,1939,-999
1940,1940,1,2,1940,-999
1941,1941,1,2,1941,-999
1942,1942,1,2,1942,-999
1943,1943,1,2,1943,-999
1944,1944,1,2,1944,-999
1945,1945,1,2,1945,-999
1946,1946,1,2,1946,-999
1947,1947,1,2,1947,-999
1948,1948,1,2,1948,-999
1949,1949,1,2,1949,-999
1950,1950,1,2,1950,-999
1951,1951,1,2,1951,-999
1952,1952,1,2,1952,-999
1953,1953,1,2,1953,-999
1954,1954,1,2,1954,-999
1955,1955,1,2,1955,-999
1956,1956,1,2,1956,-999
1957,1957,1,2,1957,-999
1958,1958,1,2,1958,-999
1959,1959,1,2,1959,-999
1960,1960,1,2,1960,-999
1961,1961,1,2,1961,-999
1962,1962,1,2,1962,-999
1963,1963,1,2,1963,-999
1964,1964,1,2,1964,-999
1965,1965,1,2,1965,-999
1966,1966,1,2,1966,-999
1967,1967,1,2,1967,-999
1968,1968,1,2,1968,-999
1969,1969,1,2,1969,-999
1970,1970,1,2,1970,-999
1971,1971,1,2,1971,-999
1972,1972,1,2,1972,-999
1973,1973,1,2,1973,-999
1974,1974,1,2,1974,-999
1975,1975,1,2,1975,-999
1976,1976,1,2,1976,-999
1977,1977,1,2,1977,-999
1978,1978,1,2,1978,-999
1979,1979,1,2,1979,-999
1980,1980,1,2,1980,-999
1981,1981,1,2,1981,-999
1982,1982,1,2,1982,-999
1983,1983,1,2,1983,-999
1984,1984,1,2,1984,-999
1985,1985,1,2,1985,-999
1986,1986,1,2,1986,-999
1987,1987,1,2,1987,-999
1988,1988,1,2,1988,-999
1989,1989,1,2,1989,-999
1990,1990,1,2,1990,-999
1991,1991,1,2,1991,-999
1992,1992,1,2,1992,-999
1993,1993,1,2,1993,-999
1994,1994,1,2,1994,-999
1995,1995,1,2,1995,-999
1996,1996,1,2,1996,-999
1997,1997,1,2,1997,-999
1998,1998,1,2,1998,-999
1999,1999,1,2,1999,-999
2000,2000,1,2,2000,-999
2001,2001,1,2,2001,-999
2002,2002,1,2,2002,-999
2003,2003,1,2,2003,-999
2004,2004,1,2,2004,-999
2005,2005,1,2,2005,-999
2006,2006,1,2,2006,-999
2007,2007,1,2,2007,-999
2008,2008,1,2,2008,-999
2009,2009,1,2,2009,-999
2010,2010,1,2,2010,-999
2011,2011,1,2,2011,-999
2012,2012,1,2,2012,-999
2013,2013,1,2,2013,-999
2014,2014,1,2,2014,-999
2015,2015,1,2,2015,-999
2016,2016,1,2,2016,-999
2017,2017,1,2,2017,-999
2018,2018,1,2,2018,-999
2019,2019,1,2,2019,-999
2020,2020,1,2,2020,-999
2021,2021,1,2,2021,-999
2022,2022,1,2,2022,-999
2023,2023,1,2,2023,-999
2024,2024,1,2,2024,-999
2025,2025,1,2,2025,-999
2026,2026,1,2,2026,-999
2027,2027,1,2,2027,-999
2028,2028,1,2,2028,-999
2029,2029,1,2,2029,-999
2030,2030,1,2,2030,-999
2031,2031,1,2,2031,-999
2032,2032,1,2,2032,-999
2033,2033,1,2,2033,-999
2034,2034,1,2,2034,-999
2035,2035,1,2,2035,-999
2036,2036,1,2,2036,-999
2037,2037,1,2,2037,-999
2038,2038,1,2,2038,-999
2039,2039,1,2,2039,-999
2040,2040,1,2,2040,-999
2041,2041,1,2,2041,-999
2042,2042,1,2,2042,-999
2043,2043,1,2,2043,-999
2044,2044,1,2,2044,-999
2045,2045,1,2,2045,-999
2046,2046,1,2,2046,-999
2047,2047,1,2,2047,-999
2048,2048,1,2,2048,-999
2049,2049,1,2,2049,-999
2050,2050,1,2,2050,-999
2051,2051,1,2,2051,-999
2052,2052,1,2,2052,-999
2053,2053,1,2,2053,-999
2054,2054,1,2,2054,-999
2055,2055,1,2,2055,-999
2056,2056,1,2,2056,-999
2057,2057,1,2,2057,-999
2058,2058,1,2,2058,-999
2059,2059,1,2,2059,-999
